,id,url,repository_url,labels_url,user
0,1908834721,https://api.github.com/repos/pandas-dev/pandas/issues/55244,https://api.github.com/repos/pandas-dev/pandas,https://api.github.com/repos/pandas-dev/pandas/issues/55244/labels{/name},"{'login': 'madeinjapan', 'id': 7633703, 'node_id': 'MDQ6VXNlcjc2MzM3MDM=', 'avatar_url': 'https://avatars.githubusercontent.com/u/7633703?v=4', 'gravatar_id': '', 'url': 'https://api.github.com/users/madeinjapan', 'html_url': 'https://github.com/madeinjapan', 'followers_url': 'https://api.github.com/users/madeinjapan/followers', 'following_url': 'https://api.github.com/users/madeinjapan/following{/other_user}', 'gists_url': 'https://api.github.com/users/madeinjapan/gists{/gist_id}', 'starred_url': 'https://api.github.com/users/madeinjapan/starred{/owner}{/repo}', 'subscriptions_url': 'https://api.github.com/users/madeinjapan/subscriptions', 'organizations_url': 'https://api.github.com/users/madeinjapan/orgs', 'repos_url': 'https://api.github.com/users/madeinjapan/repos', 'events_url': 'https://api.github.com/users/madeinjapan/events{/privacy}', 'received_events_url': 'https://api.github.com/users/madeinjapan/received_events', 'type': 'User', 'site_admin': False}"
1,1908832035,https://api.github.com/repos/pandas-dev/pandas/issues/55243,https://api.github.com/repos/pandas-dev/pandas,https://api.github.com/repos/pandas-dev/pandas/issues/55243/labels{/name},"{'login': 'hkhojasteh', 'id': 8786747, 'node_id': 'MDQ6VXNlcjg3ODY3NDc=', 'avatar_url': 'https://avatars.githubusercontent.com/u/8786747?v=4', 'gravatar_id': '', 'url': 'https://api.github.com/users/hkhojasteh', 'html_url': 'https://github.com/hkhojasteh', 'followers_url': 'https://api.github.com/users/hkhojasteh/followers', 'following_url': 'https://api.github.com/users/hkhojasteh/following{/other_user}', 'gists_url': 'https://api.github.com/users/hkhojasteh/gists{/gist_id}', 'starred_url': 'https://api.github.com/users/hkhojasteh/starred{/owner}{/repo}', 'subscriptions_url': 'https://api.github.com/users/hkhojasteh/subscriptions', 'organizations_url': 'https://api.github.com/users/hkhojasteh/orgs', 'repos_url': 'https://api.github.com/users/hkhojasteh/repos', 'events_url': 'https://api.github.com/users/hkhojasteh/events{/privacy}', 'received_events_url': 'https://api.github.com/users/hkhojasteh/received_events', 'type': 'User', 'site_admin': False}"
2,1908762323,https://api.github.com/repos/pandas-dev/pandas/issues/55241,https://api.github.com/repos/pandas-dev/pandas,https://api.github.com/repos/pandas-dev/pandas/issues/55241/labels{/name},"{'login': 'rhshadrach', 'id': 45562402, 'node_id': 'MDQ6VXNlcjQ1NTYyNDAy', 'avatar_url': 'https://avatars.githubusercontent.com/u/45562402?v=4', 'gravatar_id': '', 'url': 'https://api.github.com/users/rhshadrach', 'html_url': 'https://github.com/rhshadrach', 'followers_url': 'https://api.github.com/users/rhshadrach/followers', 'following_url': 'https://api.github.com/users/rhshadrach/following{/other_user}', 'gists_url': 'https://api.github.com/users/rhshadrach/gists{/gist_id}', 'starred_url': 'https://api.github.com/users/rhshadrach/starred{/owner}{/repo}', 'subscriptions_url': 'https://api.github.com/users/rhshadrach/subscriptions', 'organizations_url': 'https://api.github.com/users/rhshadrach/orgs', 'repos_url': 'https://api.github.com/users/rhshadrach/repos', 'events_url': 'https://api.github.com/users/rhshadrach/events{/privacy}', 'received_events_url': 'https://api.github.com/users/rhshadrach/received_events', 'type': 'User', 'site_admin': False}"
3,1908707488,https://api.github.com/repos/pandas-dev/pandas/issues/55240,https://api.github.com/repos/pandas-dev/pandas,https://api.github.com/repos/pandas-dev/pandas/issues/55240/labels{/name},"{'login': 'natmokval', 'id': 91160475, 'node_id': 'MDQ6VXNlcjkxMTYwNDc1', 'avatar_url': 'https://avatars.githubusercontent.com/u/91160475?v=4', 'gravatar_id': '', 'url': 'https://api.github.com/users/natmokval', 'html_url': 'https://github.com/natmokval', 'followers_url': 'https://api.github.com/users/natmokval/followers', 'following_url': 'https://api.github.com/users/natmokval/following{/other_user}', 'gists_url': 'https://api.github.com/users/natmokval/gists{/gist_id}', 'starred_url': 'https://api.github.com/users/natmokval/starred{/owner}{/repo}', 'subscriptions_url': 'https://api.github.com/users/natmokval/subscriptions', 'organizations_url': 'https://api.github.com/users/natmokval/orgs', 'repos_url': 'https://api.github.com/users/natmokval/repos', 'events_url': 'https://api.github.com/users/natmokval/events{/privacy}', 'received_events_url': 'https://api.github.com/users/natmokval/received_events', 'type': 'User', 'site_admin': False}"
4,1908544863,https://api.github.com/repos/pandas-dev/pandas/issues/55239,https://api.github.com/repos/pandas-dev/pandas,https://api.github.com/repos/pandas-dev/pandas/issues/55239/labels{/name},"{'login': 'PabloRuizCuevas', 'id': 48098178, 'node_id': 'MDQ6VXNlcjQ4MDk4MTc4', 'avatar_url': 'https://avatars.githubusercontent.com/u/48098178?v=4', 'gravatar_id': '', 'url': 'https://api.github.com/users/PabloRuizCuevas', 'html_url': 'https://github.com/PabloRuizCuevas', 'followers_url': 'https://api.github.com/users/PabloRuizCuevas/followers', 'following_url': 'https://api.github.com/users/PabloRuizCuevas/following{/other_user}', 'gists_url': 'https://api.github.com/users/PabloRuizCuevas/gists{/gist_id}', 'starred_url': 'https://api.github.com/users/PabloRuizCuevas/starred{/owner}{/repo}', 'subscriptions_url': 'https://api.github.com/users/PabloRuizCuevas/subscriptions', 'organizations_url': 'https://api.github.com/users/PabloRuizCuevas/orgs', 'repos_url': 'https://api.github.com/users/PabloRuizCuevas/repos', 'events_url': 'https://api.github.com/users/PabloRuizCuevas/events{/privacy}', 'received_events_url': 'https://api.github.com/users/PabloRuizCuevas/received_events', 'type': 'User', 'site_admin': False}"
5,1908486520,https://api.github.com/repos/pandas-dev/pandas/issues/55238,https://api.github.com/repos/pandas-dev/pandas,https://api.github.com/repos/pandas-dev/pandas/issues/55238/labels{/name},"{'login': 'kdebrab', 'id': 1150402, 'node_id': 'MDQ6VXNlcjExNTA0MDI=', 'avatar_url': 'https://avatars.githubusercontent.com/u/1150402?v=4', 'gravatar_id': '', 'url': 'https://api.github.com/users/kdebrab', 'html_url': 'https://github.com/kdebrab', 'followers_url': 'https://api.github.com/users/kdebrab/followers', 'following_url': 'https://api.github.com/users/kdebrab/following{/other_user}', 'gists_url': 'https://api.github.com/users/kdebrab/gists{/gist_id}', 'starred_url': 'https://api.github.com/users/kdebrab/starred{/owner}{/repo}', 'subscriptions_url': 'https://api.github.com/users/kdebrab/subscriptions', 'organizations_url': 'https://api.github.com/users/kdebrab/orgs', 'repos_url': 'https://api.github.com/users/kdebrab/repos', 'events_url': 'https://api.github.com/users/kdebrab/events{/privacy}', 'received_events_url': 'https://api.github.com/users/kdebrab/received_events', 'type': 'User', 'site_admin': False}"
6,1908486300,https://api.github.com/repos/pandas-dev/pandas/issues/55237,https://api.github.com/repos/pandas-dev/pandas,https://api.github.com/repos/pandas-dev/pandas/issues/55237/labels{/name},"{'login': 'nick-maykr', 'id': 75306162, 'node_id': 'MDQ6VXNlcjc1MzA2MTYy', 'avatar_url': 'https://avatars.githubusercontent.com/u/75306162?v=4', 'gravatar_id': '', 'url': 'https://api.github.com/users/nick-maykr', 'html_url': 'https://github.com/nick-maykr', 'followers_url': 'https://api.github.com/users/nick-maykr/followers', 'following_url': 'https://api.github.com/users/nick-maykr/following{/other_user}', 'gists_url': 'https://api.github.com/users/nick-maykr/gists{/gist_id}', 'starred_url': 'https://api.github.com/users/nick-maykr/starred{/owner}{/repo}', 'subscriptions_url': 'https://api.github.com/users/nick-maykr/subscriptions', 'organizations_url': 'https://api.github.com/users/nick-maykr/orgs', 'repos_url': 'https://api.github.com/users/nick-maykr/repos', 'events_url': 'https://api.github.com/users/nick-maykr/events{/privacy}', 'received_events_url': 'https://api.github.com/users/nick-maykr/received_events', 'type': 'User', 'site_admin': False}"
7,1908063353,https://api.github.com/repos/pandas-dev/pandas/issues/55236,https://api.github.com/repos/pandas-dev/pandas,https://api.github.com/repos/pandas-dev/pandas/issues/55236/labels{/name},"{'login': 'jfadia', 'id': 90651438, 'node_id': 'MDQ6VXNlcjkwNjUxNDM4', 'avatar_url': 'https://avatars.githubusercontent.com/u/90651438?v=4', 'gravatar_id': '', 'url': 'https://api.github.com/users/jfadia', 'html_url': 'https://github.com/jfadia', 'followers_url': 'https://api.github.com/users/jfadia/followers', 'following_url': 'https://api.github.com/users/jfadia/following{/other_user}', 'gists_url': 'https://api.github.com/users/jfadia/gists{/gist_id}', 'starred_url': 'https://api.github.com/users/jfadia/starred{/owner}{/repo}', 'subscriptions_url': 'https://api.github.com/users/jfadia/subscriptions', 'organizations_url': 'https://api.github.com/users/jfadia/orgs', 'repos_url': 'https://api.github.com/users/jfadia/repos', 'events_url': 'https://api.github.com/users/jfadia/events{/privacy}', 'received_events_url': 'https://api.github.com/users/jfadia/received_events', 'type': 'User', 'site_admin': False}"
8,1908018573,https://api.github.com/repos/pandas-dev/pandas/issues/55235,https://api.github.com/repos/pandas-dev/pandas,https://api.github.com/repos/pandas-dev/pandas/issues/55235/labels{/name},"{'login': 'lithomas1', 'id': 47963215, 'node_id': 'MDQ6VXNlcjQ3OTYzMjE1', 'avatar_url': 'https://avatars.githubusercontent.com/u/47963215?v=4', 'gravatar_id': '', 'url': 'https://api.github.com/users/lithomas1', 'html_url': 'https://github.com/lithomas1', 'followers_url': 'https://api.github.com/users/lithomas1/followers', 'following_url': 'https://api.github.com/users/lithomas1/following{/other_user}', 'gists_url': 'https://api.github.com/users/lithomas1/gists{/gist_id}', 'starred_url': 'https://api.github.com/users/lithomas1/starred{/owner}{/repo}', 'subscriptions_url': 'https://api.github.com/users/lithomas1/subscriptions', 'organizations_url': 'https://api.github.com/users/lithomas1/orgs', 'repos_url': 'https://api.github.com/users/lithomas1/repos', 'events_url': 'https://api.github.com/users/lithomas1/events{/privacy}', 'received_events_url': 'https://api.github.com/users/lithomas1/received_events', 'type': 'User', 'site_admin': False}"
9,1907999408,https://api.github.com/repos/pandas-dev/pandas/issues/55234,https://api.github.com/repos/pandas-dev/pandas,https://api.github.com/repos/pandas-dev/pandas/issues/55234/labels{/name},"{'login': 'lukemanley', 'id': 8519523, 'node_id': 'MDQ6VXNlcjg1MTk1MjM=', 'avatar_url': 'https://avatars.githubusercontent.com/u/8519523?v=4', 'gravatar_id': '', 'url': 'https://api.github.com/users/lukemanley', 'html_url': 'https://github.com/lukemanley', 'followers_url': 'https://api.github.com/users/lukemanley/followers', 'following_url': 'https://api.github.com/users/lukemanley/following{/other_user}', 'gists_url': 'https://api.github.com/users/lukemanley/gists{/gist_id}', 'starred_url': 'https://api.github.com/users/lukemanley/starred{/owner}{/repo}', 'subscriptions_url': 'https://api.github.com/users/lukemanley/subscriptions', 'organizations_url': 'https://api.github.com/users/lukemanley/orgs', 'repos_url': 'https://api.github.com/users/lukemanley/repos', 'events_url': 'https://api.github.com/users/lukemanley/events{/privacy}', 'received_events_url': 'https://api.github.com/users/lukemanley/received_events', 'type': 'User', 'site_admin': False}"
10,1907678016,https://api.github.com/repos/pandas-dev/pandas/issues/55232,https://api.github.com/repos/pandas-dev/pandas,https://api.github.com/repos/pandas-dev/pandas/issues/55232/labels{/name},"{'login': 'davidchall', 'id': 1804856, 'node_id': 'MDQ6VXNlcjE4MDQ4NTY=', 'avatar_url': 'https://avatars.githubusercontent.com/u/1804856?v=4', 'gravatar_id': '', 'url': 'https://api.github.com/users/davidchall', 'html_url': 'https://github.com/davidchall', 'followers_url': 'https://api.github.com/users/davidchall/followers', 'following_url': 'https://api.github.com/users/davidchall/following{/other_user}', 'gists_url': 'https://api.github.com/users/davidchall/gists{/gist_id}', 'starred_url': 'https://api.github.com/users/davidchall/starred{/owner}{/repo}', 'subscriptions_url': 'https://api.github.com/users/davidchall/subscriptions', 'organizations_url': 'https://api.github.com/users/davidchall/orgs', 'repos_url': 'https://api.github.com/users/davidchall/repos', 'events_url': 'https://api.github.com/users/davidchall/events{/privacy}', 'received_events_url': 'https://api.github.com/users/davidchall/received_events', 'type': 'User', 'site_admin': False}"
11,1907392574,https://api.github.com/repos/pandas-dev/pandas/issues/55231,https://api.github.com/repos/pandas-dev/pandas,https://api.github.com/repos/pandas-dev/pandas/issues/55231/labels{/name},"{'login': 'caneff', 'id': 5097759, 'node_id': 'MDQ6VXNlcjUwOTc3NTk=', 'avatar_url': 'https://avatars.githubusercontent.com/u/5097759?v=4', 'gravatar_id': '', 'url': 'https://api.github.com/users/caneff', 'html_url': 'https://github.com/caneff', 'followers_url': 'https://api.github.com/users/caneff/followers', 'following_url': 'https://api.github.com/users/caneff/following{/other_user}', 'gists_url': 'https://api.github.com/users/caneff/gists{/gist_id}', 'starred_url': 'https://api.github.com/users/caneff/starred{/owner}{/repo}', 'subscriptions_url': 'https://api.github.com/users/caneff/subscriptions', 'organizations_url': 'https://api.github.com/users/caneff/orgs', 'repos_url': 'https://api.github.com/users/caneff/repos', 'events_url': 'https://api.github.com/users/caneff/events{/privacy}', 'received_events_url': 'https://api.github.com/users/caneff/received_events', 'type': 'User', 'site_admin': False}"
12,1907219997,https://api.github.com/repos/pandas-dev/pandas/issues/55230,https://api.github.com/repos/pandas-dev/pandas,https://api.github.com/repos/pandas-dev/pandas/issues/55230/labels{/name},"{'login': 'ianliu', 'id': 30196, 'node_id': 'MDQ6VXNlcjMwMTk2', 'avatar_url': 'https://avatars.githubusercontent.com/u/30196?v=4', 'gravatar_id': '', 'url': 'https://api.github.com/users/ianliu', 'html_url': 'https://github.com/ianliu', 'followers_url': 'https://api.github.com/users/ianliu/followers', 'following_url': 'https://api.github.com/users/ianliu/following{/other_user}', 'gists_url': 'https://api.github.com/users/ianliu/gists{/gist_id}', 'starred_url': 'https://api.github.com/users/ianliu/starred{/owner}{/repo}', 'subscriptions_url': 'https://api.github.com/users/ianliu/subscriptions', 'organizations_url': 'https://api.github.com/users/ianliu/orgs', 'repos_url': 'https://api.github.com/users/ianliu/repos', 'events_url': 'https://api.github.com/users/ianliu/events{/privacy}', 'received_events_url': 'https://api.github.com/users/ianliu/received_events', 'type': 'User', 'site_admin': False}"
13,1906858640,https://api.github.com/repos/pandas-dev/pandas/issues/55229,https://api.github.com/repos/pandas-dev/pandas,https://api.github.com/repos/pandas-dev/pandas/issues/55229/labels{/name},"{'login': 'lithomas1', 'id': 47963215, 'node_id': 'MDQ6VXNlcjQ3OTYzMjE1', 'avatar_url': 'https://avatars.githubusercontent.com/u/47963215?v=4', 'gravatar_id': '', 'url': 'https://api.github.com/users/lithomas1', 'html_url': 'https://github.com/lithomas1', 'followers_url': 'https://api.github.com/users/lithomas1/followers', 'following_url': 'https://api.github.com/users/lithomas1/following{/other_user}', 'gists_url': 'https://api.github.com/users/lithomas1/gists{/gist_id}', 'starred_url': 'https://api.github.com/users/lithomas1/starred{/owner}{/repo}', 'subscriptions_url': 'https://api.github.com/users/lithomas1/subscriptions', 'organizations_url': 'https://api.github.com/users/lithomas1/orgs', 'repos_url': 'https://api.github.com/users/lithomas1/repos', 'events_url': 'https://api.github.com/users/lithomas1/events{/privacy}', 'received_events_url': 'https://api.github.com/users/lithomas1/received_events', 'type': 'User', 'site_admin': False}"
14,1906821298,https://api.github.com/repos/pandas-dev/pandas/issues/55228,https://api.github.com/repos/pandas-dev/pandas,https://api.github.com/repos/pandas-dev/pandas/issues/55228/labels{/name},"{'login': 'rikardn', 'id': 12795317, 'node_id': 'MDQ6VXNlcjEyNzk1MzE3', 'avatar_url': 'https://avatars.githubusercontent.com/u/12795317?v=4', 'gravatar_id': '', 'url': 'https://api.github.com/users/rikardn', 'html_url': 'https://github.com/rikardn', 'followers_url': 'https://api.github.com/users/rikardn/followers', 'following_url': 'https://api.github.com/users/rikardn/following{/other_user}', 'gists_url': 'https://api.github.com/users/rikardn/gists{/gist_id}', 'starred_url': 'https://api.github.com/users/rikardn/starred{/owner}{/repo}', 'subscriptions_url': 'https://api.github.com/users/rikardn/subscriptions', 'organizations_url': 'https://api.github.com/users/rikardn/orgs', 'repos_url': 'https://api.github.com/users/rikardn/repos', 'events_url': 'https://api.github.com/users/rikardn/events{/privacy}', 'received_events_url': 'https://api.github.com/users/rikardn/received_events', 'type': 'User', 'site_admin': False}"
15,1906746956,https://api.github.com/repos/pandas-dev/pandas/issues/55227,https://api.github.com/repos/pandas-dev/pandas,https://api.github.com/repos/pandas-dev/pandas/issues/55227/labels{/name},"{'login': 'MarcoGorelli', 'id': 33491632, 'node_id': 'MDQ6VXNlcjMzNDkxNjMy', 'avatar_url': 'https://avatars.githubusercontent.com/u/33491632?v=4', 'gravatar_id': '', 'url': 'https://api.github.com/users/MarcoGorelli', 'html_url': 'https://github.com/MarcoGorelli', 'followers_url': 'https://api.github.com/users/MarcoGorelli/followers', 'following_url': 'https://api.github.com/users/MarcoGorelli/following{/other_user}', 'gists_url': 'https://api.github.com/users/MarcoGorelli/gists{/gist_id}', 'starred_url': 'https://api.github.com/users/MarcoGorelli/starred{/owner}{/repo}', 'subscriptions_url': 'https://api.github.com/users/MarcoGorelli/subscriptions', 'organizations_url': 'https://api.github.com/users/MarcoGorelli/orgs', 'repos_url': 'https://api.github.com/users/MarcoGorelli/repos', 'events_url': 'https://api.github.com/users/MarcoGorelli/events{/privacy}', 'received_events_url': 'https://api.github.com/users/MarcoGorelli/received_events', 'type': 'User', 'site_admin': False}"
16,1906564156,https://api.github.com/repos/pandas-dev/pandas/issues/55226,https://api.github.com/repos/pandas-dev/pandas,https://api.github.com/repos/pandas-dev/pandas/issues/55226/labels{/name},"{'login': 'NickiForte', 'id': 95344621, 'node_id': 'U_kgDOBa7X7Q', 'avatar_url': 'https://avatars.githubusercontent.com/u/95344621?v=4', 'gravatar_id': '', 'url': 'https://api.github.com/users/NickiForte', 'html_url': 'https://github.com/NickiForte', 'followers_url': 'https://api.github.com/users/NickiForte/followers', 'following_url': 'https://api.github.com/users/NickiForte/following{/other_user}', 'gists_url': 'https://api.github.com/users/NickiForte/gists{/gist_id}', 'starred_url': 'https://api.github.com/users/NickiForte/starred{/owner}{/repo}', 'subscriptions_url': 'https://api.github.com/users/NickiForte/subscriptions', 'organizations_url': 'https://api.github.com/users/NickiForte/orgs', 'repos_url': 'https://api.github.com/users/NickiForte/repos', 'events_url': 'https://api.github.com/users/NickiForte/events{/privacy}', 'received_events_url': 'https://api.github.com/users/NickiForte/received_events', 'type': 'User', 'site_admin': False}"
17,1906285254,https://api.github.com/repos/pandas-dev/pandas/issues/55225,https://api.github.com/repos/pandas-dev/pandas,https://api.github.com/repos/pandas-dev/pandas/issues/55225/labels{/name},"{'login': 'toobaz', 'id': 1224492, 'node_id': 'MDQ6VXNlcjEyMjQ0OTI=', 'avatar_url': 'https://avatars.githubusercontent.com/u/1224492?v=4', 'gravatar_id': '', 'url': 'https://api.github.com/users/toobaz', 'html_url': 'https://github.com/toobaz', 'followers_url': 'https://api.github.com/users/toobaz/followers', 'following_url': 'https://api.github.com/users/toobaz/following{/other_user}', 'gists_url': 'https://api.github.com/users/toobaz/gists{/gist_id}', 'starred_url': 'https://api.github.com/users/toobaz/starred{/owner}{/repo}', 'subscriptions_url': 'https://api.github.com/users/toobaz/subscriptions', 'organizations_url': 'https://api.github.com/users/toobaz/orgs', 'repos_url': 'https://api.github.com/users/toobaz/repos', 'events_url': 'https://api.github.com/users/toobaz/events{/privacy}', 'received_events_url': 'https://api.github.com/users/toobaz/received_events', 'type': 'User', 'site_admin': False}"
18,1906267379,https://api.github.com/repos/pandas-dev/pandas/issues/55224,https://api.github.com/repos/pandas-dev/pandas,https://api.github.com/repos/pandas-dev/pandas/issues/55224/labels{/name},"{'login': 'CynthiaLuijkx', 'id': 37224102, 'node_id': 'MDQ6VXNlcjM3MjI0MTAy', 'avatar_url': 'https://avatars.githubusercontent.com/u/37224102?v=4', 'gravatar_id': '', 'url': 'https://api.github.com/users/CynthiaLuijkx', 'html_url': 'https://github.com/CynthiaLuijkx', 'followers_url': 'https://api.github.com/users/CynthiaLuijkx/followers', 'following_url': 'https://api.github.com/users/CynthiaLuijkx/following{/other_user}', 'gists_url': 'https://api.github.com/users/CynthiaLuijkx/gists{/gist_id}', 'starred_url': 'https://api.github.com/users/CynthiaLuijkx/starred{/owner}{/repo}', 'subscriptions_url': 'https://api.github.com/users/CynthiaLuijkx/subscriptions', 'organizations_url': 'https://api.github.com/users/CynthiaLuijkx/orgs', 'repos_url': 'https://api.github.com/users/CynthiaLuijkx/repos', 'events_url': 'https://api.github.com/users/CynthiaLuijkx/events{/privacy}', 'received_events_url': 'https://api.github.com/users/CynthiaLuijkx/received_events', 'type': 'User', 'site_admin': False}"
19,1905530743,https://api.github.com/repos/pandas-dev/pandas/issues/55223,https://api.github.com/repos/pandas-dev/pandas,https://api.github.com/repos/pandas-dev/pandas/issues/55223/labels{/name},"{'login': 'dvd101x', 'id': 16261897, 'node_id': 'MDQ6VXNlcjE2MjYxODk3', 'avatar_url': 'https://avatars.githubusercontent.com/u/16261897?v=4', 'gravatar_id': '', 'url': 'https://api.github.com/users/dvd101x', 'html_url': 'https://github.com/dvd101x', 'followers_url': 'https://api.github.com/users/dvd101x/followers', 'following_url': 'https://api.github.com/users/dvd101x/following{/other_user}', 'gists_url': 'https://api.github.com/users/dvd101x/gists{/gist_id}', 'starred_url': 'https://api.github.com/users/dvd101x/starred{/owner}{/repo}', 'subscriptions_url': 'https://api.github.com/users/dvd101x/subscriptions', 'organizations_url': 'https://api.github.com/users/dvd101x/orgs', 'repos_url': 'https://api.github.com/users/dvd101x/repos', 'events_url': 'https://api.github.com/users/dvd101x/events{/privacy}', 'received_events_url': 'https://api.github.com/users/dvd101x/received_events', 'type': 'User', 'site_admin': False}"
20,1904148036,https://api.github.com/repos/pandas-dev/pandas/issues/55214,https://api.github.com/repos/pandas-dev/pandas,https://api.github.com/repos/pandas-dev/pandas/issues/55214/labels{/name},"{'login': 'rsm-23', 'id': 136445532, 'node_id': 'U_kgDOCCH-XA', 'avatar_url': 'https://avatars.githubusercontent.com/u/136445532?v=4', 'gravatar_id': '', 'url': 'https://api.github.com/users/rsm-23', 'html_url': 'https://github.com/rsm-23', 'followers_url': 'https://api.github.com/users/rsm-23/followers', 'following_url': 'https://api.github.com/users/rsm-23/following{/other_user}', 'gists_url': 'https://api.github.com/users/rsm-23/gists{/gist_id}', 'starred_url': 'https://api.github.com/users/rsm-23/starred{/owner}{/repo}', 'subscriptions_url': 'https://api.github.com/users/rsm-23/subscriptions', 'organizations_url': 'https://api.github.com/users/rsm-23/orgs', 'repos_url': 'https://api.github.com/users/rsm-23/repos', 'events_url': 'https://api.github.com/users/rsm-23/events{/privacy}', 'received_events_url': 'https://api.github.com/users/rsm-23/received_events', 'type': 'User', 'site_admin': False}"
21,1904094381,https://api.github.com/repos/pandas-dev/pandas/issues/55213,https://api.github.com/repos/pandas-dev/pandas,https://api.github.com/repos/pandas-dev/pandas/issues/55213/labels{/name},"{'login': 'BenjaminHelyer', 'id': 91896754, 'node_id': 'U_kgDOBXo7sg', 'avatar_url': 'https://avatars.githubusercontent.com/u/91896754?v=4', 'gravatar_id': '', 'url': 'https://api.github.com/users/BenjaminHelyer', 'html_url': 'https://github.com/BenjaminHelyer', 'followers_url': 'https://api.github.com/users/BenjaminHelyer/followers', 'following_url': 'https://api.github.com/users/BenjaminHelyer/following{/other_user}', 'gists_url': 'https://api.github.com/users/BenjaminHelyer/gists{/gist_id}', 'starred_url': 'https://api.github.com/users/BenjaminHelyer/starred{/owner}{/repo}', 'subscriptions_url': 'https://api.github.com/users/BenjaminHelyer/subscriptions', 'organizations_url': 'https://api.github.com/users/BenjaminHelyer/orgs', 'repos_url': 'https://api.github.com/users/BenjaminHelyer/repos', 'events_url': 'https://api.github.com/users/BenjaminHelyer/events{/privacy}', 'received_events_url': 'https://api.github.com/users/BenjaminHelyer/received_events', 'type': 'User', 'site_admin': False}"
22,1904026341,https://api.github.com/repos/pandas-dev/pandas/issues/55212,https://api.github.com/repos/pandas-dev/pandas,https://api.github.com/repos/pandas-dev/pandas/issues/55212/labels{/name},"{'login': 'seanslma', 'id': 30691708, 'node_id': 'MDQ6VXNlcjMwNjkxNzA4', 'avatar_url': 'https://avatars.githubusercontent.com/u/30691708?v=4', 'gravatar_id': '', 'url': 'https://api.github.com/users/seanslma', 'html_url': 'https://github.com/seanslma', 'followers_url': 'https://api.github.com/users/seanslma/followers', 'following_url': 'https://api.github.com/users/seanslma/following{/other_user}', 'gists_url': 'https://api.github.com/users/seanslma/gists{/gist_id}', 'starred_url': 'https://api.github.com/users/seanslma/starred{/owner}{/repo}', 'subscriptions_url': 'https://api.github.com/users/seanslma/subscriptions', 'organizations_url': 'https://api.github.com/users/seanslma/orgs', 'repos_url': 'https://api.github.com/users/seanslma/repos', 'events_url': 'https://api.github.com/users/seanslma/events{/privacy}', 'received_events_url': 'https://api.github.com/users/seanslma/received_events', 'type': 'User', 'site_admin': False}"
23,1903417694,https://api.github.com/repos/pandas-dev/pandas/issues/55204,https://api.github.com/repos/pandas-dev/pandas,https://api.github.com/repos/pandas-dev/pandas/issues/55204/labels{/name},"{'login': 'loikein', 'id': 20618587, 'node_id': 'MDQ6VXNlcjIwNjE4NTg3', 'avatar_url': 'https://avatars.githubusercontent.com/u/20618587?v=4', 'gravatar_id': '', 'url': 'https://api.github.com/users/loikein', 'html_url': 'https://github.com/loikein', 'followers_url': 'https://api.github.com/users/loikein/followers', 'following_url': 'https://api.github.com/users/loikein/following{/other_user}', 'gists_url': 'https://api.github.com/users/loikein/gists{/gist_id}', 'starred_url': 'https://api.github.com/users/loikein/starred{/owner}{/repo}', 'subscriptions_url': 'https://api.github.com/users/loikein/subscriptions', 'organizations_url': 'https://api.github.com/users/loikein/orgs', 'repos_url': 'https://api.github.com/users/loikein/repos', 'events_url': 'https://api.github.com/users/loikein/events{/privacy}', 'received_events_url': 'https://api.github.com/users/loikein/received_events', 'type': 'User', 'site_admin': False}"
24,1903191625,https://api.github.com/repos/pandas-dev/pandas/issues/55202,https://api.github.com/repos/pandas-dev/pandas,https://api.github.com/repos/pandas-dev/pandas/issues/55202/labels{/name},"{'login': 'dchigarev', 'id': 62142979, 'node_id': 'MDQ6VXNlcjYyMTQyOTc5', 'avatar_url': 'https://avatars.githubusercontent.com/u/62142979?v=4', 'gravatar_id': '', 'url': 'https://api.github.com/users/dchigarev', 'html_url': 'https://github.com/dchigarev', 'followers_url': 'https://api.github.com/users/dchigarev/followers', 'following_url': 'https://api.github.com/users/dchigarev/following{/other_user}', 'gists_url': 'https://api.github.com/users/dchigarev/gists{/gist_id}', 'starred_url': 'https://api.github.com/users/dchigarev/starred{/owner}{/repo}', 'subscriptions_url': 'https://api.github.com/users/dchigarev/subscriptions', 'organizations_url': 'https://api.github.com/users/dchigarev/orgs', 'repos_url': 'https://api.github.com/users/dchigarev/repos', 'events_url': 'https://api.github.com/users/dchigarev/events{/privacy}', 'received_events_url': 'https://api.github.com/users/dchigarev/received_events', 'type': 'User', 'site_admin': False}"
25,1903100230,https://api.github.com/repos/pandas-dev/pandas/issues/55200,https://api.github.com/repos/pandas-dev/pandas,https://api.github.com/repos/pandas-dev/pandas/issues/55200/labels{/name},"{'login': 'pyZerrenner', 'id': 47388301, 'node_id': 'MDQ6VXNlcjQ3Mzg4MzAx', 'avatar_url': 'https://avatars.githubusercontent.com/u/47388301?v=4', 'gravatar_id': '', 'url': 'https://api.github.com/users/pyZerrenner', 'html_url': 'https://github.com/pyZerrenner', 'followers_url': 'https://api.github.com/users/pyZerrenner/followers', 'following_url': 'https://api.github.com/users/pyZerrenner/following{/other_user}', 'gists_url': 'https://api.github.com/users/pyZerrenner/gists{/gist_id}', 'starred_url': 'https://api.github.com/users/pyZerrenner/starred{/owner}{/repo}', 'subscriptions_url': 'https://api.github.com/users/pyZerrenner/subscriptions', 'organizations_url': 'https://api.github.com/users/pyZerrenner/orgs', 'repos_url': 'https://api.github.com/users/pyZerrenner/repos', 'events_url': 'https://api.github.com/users/pyZerrenner/events{/privacy}', 'received_events_url': 'https://api.github.com/users/pyZerrenner/received_events', 'type': 'User', 'site_admin': False}"
26,1902653988,https://api.github.com/repos/pandas-dev/pandas/issues/55197,https://api.github.com/repos/pandas-dev/pandas,https://api.github.com/repos/pandas-dev/pandas/issues/55197/labels{/name},"{'login': 'CSBVision', 'id': 19430969, 'node_id': 'MDQ6VXNlcjE5NDMwOTY5', 'avatar_url': 'https://avatars.githubusercontent.com/u/19430969?v=4', 'gravatar_id': '', 'url': 'https://api.github.com/users/CSBVision', 'html_url': 'https://github.com/CSBVision', 'followers_url': 'https://api.github.com/users/CSBVision/followers', 'following_url': 'https://api.github.com/users/CSBVision/following{/other_user}', 'gists_url': 'https://api.github.com/users/CSBVision/gists{/gist_id}', 'starred_url': 'https://api.github.com/users/CSBVision/starred{/owner}{/repo}', 'subscriptions_url': 'https://api.github.com/users/CSBVision/subscriptions', 'organizations_url': 'https://api.github.com/users/CSBVision/orgs', 'repos_url': 'https://api.github.com/users/CSBVision/repos', 'events_url': 'https://api.github.com/users/CSBVision/events{/privacy}', 'received_events_url': 'https://api.github.com/users/CSBVision/received_events', 'type': 'User', 'site_admin': False}"
27,1902533291,https://api.github.com/repos/pandas-dev/pandas/issues/55196,https://api.github.com/repos/pandas-dev/pandas,https://api.github.com/repos/pandas-dev/pandas/issues/55196/labels{/name},"{'login': 'lrisch', 'id': 24544692, 'node_id': 'MDQ6VXNlcjI0NTQ0Njky', 'avatar_url': 'https://avatars.githubusercontent.com/u/24544692?v=4', 'gravatar_id': '', 'url': 'https://api.github.com/users/lrisch', 'html_url': 'https://github.com/lrisch', 'followers_url': 'https://api.github.com/users/lrisch/followers', 'following_url': 'https://api.github.com/users/lrisch/following{/other_user}', 'gists_url': 'https://api.github.com/users/lrisch/gists{/gist_id}', 'starred_url': 'https://api.github.com/users/lrisch/starred{/owner}{/repo}', 'subscriptions_url': 'https://api.github.com/users/lrisch/subscriptions', 'organizations_url': 'https://api.github.com/users/lrisch/orgs', 'repos_url': 'https://api.github.com/users/lrisch/repos', 'events_url': 'https://api.github.com/users/lrisch/events{/privacy}', 'received_events_url': 'https://api.github.com/users/lrisch/received_events', 'type': 'User', 'site_admin': False}"
28,1902350703,https://api.github.com/repos/pandas-dev/pandas/issues/55194,https://api.github.com/repos/pandas-dev/pandas,https://api.github.com/repos/pandas-dev/pandas/issues/55194/labels{/name},"{'login': 'itholic', 'id': 44108233, 'node_id': 'MDQ6VXNlcjQ0MTA4MjMz', 'avatar_url': 'https://avatars.githubusercontent.com/u/44108233?v=4', 'gravatar_id': '', 'url': 'https://api.github.com/users/itholic', 'html_url': 'https://github.com/itholic', 'followers_url': 'https://api.github.com/users/itholic/followers', 'following_url': 'https://api.github.com/users/itholic/following{/other_user}', 'gists_url': 'https://api.github.com/users/itholic/gists{/gist_id}', 'starred_url': 'https://api.github.com/users/itholic/starred{/owner}{/repo}', 'subscriptions_url': 'https://api.github.com/users/itholic/subscriptions', 'organizations_url': 'https://api.github.com/users/itholic/orgs', 'repos_url': 'https://api.github.com/users/itholic/repos', 'events_url': 'https://api.github.com/users/itholic/events{/privacy}', 'received_events_url': 'https://api.github.com/users/itholic/received_events', 'type': 'User', 'site_admin': False}"
29,1901561244,https://api.github.com/repos/pandas-dev/pandas/issues/55187,https://api.github.com/repos/pandas-dev/pandas,https://api.github.com/repos/pandas-dev/pandas/issues/55187/labels{/name},"{'login': 'alexandermorgan', 'id': 2601689, 'node_id': 'MDQ6VXNlcjI2MDE2ODk=', 'avatar_url': 'https://avatars.githubusercontent.com/u/2601689?v=4', 'gravatar_id': '', 'url': 'https://api.github.com/users/alexandermorgan', 'html_url': 'https://github.com/alexandermorgan', 'followers_url': 'https://api.github.com/users/alexandermorgan/followers', 'following_url': 'https://api.github.com/users/alexandermorgan/following{/other_user}', 'gists_url': 'https://api.github.com/users/alexandermorgan/gists{/gist_id}', 'starred_url': 'https://api.github.com/users/alexandermorgan/starred{/owner}{/repo}', 'subscriptions_url': 'https://api.github.com/users/alexandermorgan/subscriptions', 'organizations_url': 'https://api.github.com/users/alexandermorgan/orgs', 'repos_url': 'https://api.github.com/users/alexandermorgan/repos', 'events_url': 'https://api.github.com/users/alexandermorgan/events{/privacy}', 'received_events_url': 'https://api.github.com/users/alexandermorgan/received_events', 'type': 'User', 'site_admin': False}"
